,STORY_ACTION_ID,VIRTUE_HOPE_SUBVICE,IS_PRECONDITION,IS_POSTCONDITION_ACCEPT,IS_POSTCONDITION_REJECT,SECOND_PERSON,THIRD_PERSON,IS_ABOVE,VIRTUE_HOPE
0,TEMPLATE,0.0,1,0,0,0,0,1,0.0
1,READ_SCRIPTURE,0.0,1,0,0,0,0,1,0.0
2,UNDERSTAND_MORAL_LAW,0.0,1,0,0,0,0,1,0.0
3,BEATEN_UP,0.0,1,0,0,0,0,1,0.0
4,ESCAPING_A_PIT,0.0,1,0,0,0,0,1,0.0
5,DEFUSING_A_FIGHT,0.0,1,0,0,0,0,1,0.0
6,AVOIDING_STUMBLINGBLOCK,0.0,1,0,0,0,0,1,0.0
7,CIRCUMSPECTION,0.0,1,0,0,0,0,1,0.0
8,AVOIDING_STUMBLINGBLOCK_CAUTION,0.0,1,0,0,0,0,1,0.0
9,BAD_WORK,0.0,1,0,0,0,0,1,0.0
10,FAIL_EXERCISES,0.0,1,0,0,0,0,1,0.0
11,NEGLIGENT_WORK,0.0,1,0,0,0,0,1,0.0
12,SEDUCE,0.0,1,0,0,0,0,1,0.0
13,DEFRAUD,0.0,1,0,0,0,0,1,0.0
14,OSTRACISE,0.0,1,0,0,0,0,1,0.0
15,LIE,0.0,1,0,0,0,0,1,0.0
16,SOLVE_DISPUTE,0.0,1,0,0,0,0,1,0.0
17,ACTIVISM_COMMON_GOOD,0.0,1,0,0,0,0,1,0.0
18,PRAY_PSALM,0.0,1,0,0,0,0,1,0.0
19,PRAY_ROSARY,0.0,1,0,0,0,0,1,0.0
20,PRAY_MENTAL,0.0,1,0,0,0,0,1,0.0
21,PRAY_HATED_PERSON,0.0,1,0,0,0,0,1,0.0
22,OBEY_SUPERIOR,0.0,1,0,0,0,0,1,0.0
23,ARMY_JOIN,0.0,1,0,0,0,0,1,0.0
24,MASS_STATE_OF_GRACE,0.0,1,0,0,0,0,1,0.0
25,MASS_MS,0.0,1,0,0,0,0,1,0.0
26,RECEIVE_COMMUNION_GRACE,0.0,1,0,0,0,0,1,0.0
27,RECEIVE_COMMUNION_MS,0.0,1,0,0,0,0,1,0.0
28,MAKE_FRIENDS,0.0,1,0,0,0,0,1,0.0
29,APOLOGISE,0.0,1,0,0,0,0,1,0.0
30,ALMS,0.0,1,0,0,0,0,1,0.0
31,READ_LAW_EPIEIKEIA,0.0,1,0,0,0,0,1,0.0
32,MURDER,0.0,1,0,0,0,0,1,0.0
33,MUTILATE,0.0,1,0,0,0,0,1,0.0
34,STEAL_SMALL,0.0,1,0,0,0,0,1,0.0
35,STEAL_BIG,0.0,1,0,0,0,0,1,0.0
36,ROBBERY,0.0,1,0,0,0,0,1,0.0
37,SMUG_SUPERIORITY,0.0,1,0,0,0,0,1,0.0
38,EXHALT_IN_OWN_STRENGTH,0.0,1,0,0,0,0,1,0.0
39,ATTRIBUTE_UNPOSSESSED_GOOD,0.0,1,0,0,0,0,1,0.0
40,CALUMNY,0.0,1,0,0,0,0,1,0.0
41,DETRACTION,0.0,1,0,0,0,0,1,0.0
42,RASH_JUDGEMENT,0.0,1,0,0,0,0,1,0.0
43,GOSSIP,0.0,1,0,0,0,0,1,0.0
44,LOANSHARK,0.0,1,0,0,0,0,1,0.0
45,MOCKERY,0.0,1,0,0,0,0,1,0.0
46,RASH_OATH,0.0,1,0,0,0,0,1,0.0
47,IDOLATRY,0.0,1,0,0,0,0,1,0.0
48,CAST_SPELL,0.0,1,0,0,0,0,1,0.0
49,TEMPT_GOD,0.0,1,0,0,0,0,1,0.0
50,SACRILEGE_EUCHARIST,0.0,1,0,0,0,0,1,0.0
51,SACRILEGE_STATUE,0.0,1,0,0,0,0,1,0.0
52,SIMONY,0.0,1,0,0,0,0,1,0.0
53,VENGEANCE,0.0,1,0,0,0,0,1,0.0
54,BOAST,0.0,1,0,0,0,0,1,0.0
55,IGNORE_GOOD_ACTION,0.0,1,0,0,0,0,1,0.0
56,FLATTER,0.0,1,0,0,0,0,1,0.0
57,CHASE_MONEY,0.0,1,0,0,0,0,1,0.0
58,INSULTING_SARCASM,0.0,1,0,0,0,0,1,0.0
59,SUING_EXCESSIVELY,0.0,1,0,0,0,0,1,0.0
60,PLANNING_GREAT_THINGS,0.0,1,0,0,0,0,1,0.0
61,ILLNESS,0.0,1,0,0,0,0,1,0.0
62,VISION,0.0,1,0,0,0,0,1,0.0
63,INNERLOCUTION,0.0,1,0,0,0,0,1,0.0
64,FAST,0.0,1,0,0,0,0,1,0.0
65,VIGIL,0.0,1,0,0,0,0,1,0.0
66,AMBITION,0.0,1,0,0,0,0,1,0.0
67,SCHADENFREUDE,0.0,1,0,0,0,0,1,0.0
68,REJOICE_IN_EVIL,0.0,1,0,0,0,0,1,0.0
69,COMPLASCENT,0.0,1,0,0,0,0,1,0.0
70,REALISE_LOWLINESS,0.0,1,0,0,0,0,1,0.0
71,MASTURBATE,0.0,1,0,0,0,0,1,0.0
72,FORNICATE,0.0,1,0,0,0,0,1,0.0
73,STUDY,0.0,1,0,0,0,0,1,0.0
74,FORGIVE,0.0,1,0,0,0,0,1,0.0
75,BETTER_DECORUM,0.0,1,0,0,0,0,1,0.0
76,SELL_POSSESSIONS,0.0,1,0,0,0,0,1,0.0
77,BULLY,0.0,1,0,0,0,0,1,0.0
78,BEAT_UP,0.0,1,0,0,0,0,1,0.0
79,CRUDE_JOKE,0.0,1,0,0,0,0,1,0.0
80,REPENTENCE,0.0,1,0,0,0,0,1,0.0
81,HERESY,0.0,1,0,0,0,0,1,0.0
82,APOSTASY,0.0,1,0,0,0,0,1,0.0
83,BLASPHEMY,0.0,1,0,0,0,0,1,0.0
84,HATREDOFGOD,0.0,1,0,0,0,0,1,0.0
85,ARGUE,0.0,1,0,0,0,0,1,0.0
86,SCHISM,0.0,1,0,0,0,0,1,0.0
87,SCANDALISE,0.0,1,0,0,0,0,1,0.0
88,TEMPLATE,0.0,1,0,0,0,0,0,0.0
89,READ_SCRIPTURE,0.0,1,0,0,0,0,0,0.0
90,UNDERSTAND_MORAL_LAW,0.0,1,0,0,0,0,0,0.0
91,BEATEN_UP,0.0,1,0,0,0,0,0,0.0
92,ESCAPING_A_PIT,0.0,1,0,0,0,0,0,0.0
93,DEFUSING_A_FIGHT,0.0,1,0,0,0,0,0,0.0
94,AVOIDING_STUMBLINGBLOCK,0.0,1,0,0,0,0,0,0.0
95,CIRCUMSPECTION,0.0,1,0,0,0,0,0,0.0
96,AVOIDING_STUMBLINGBLOCK_CAUTION,0.0,1,0,0,0,0,0,0.0
97,BAD_WORK,0.0,1,0,0,0,0,0,0.0
98,FAIL_EXERCISES,0.0,1,0,0,0,0,0,0.0
99,NEGLIGENT_WORK,0.0,1,0,0,0,0,0,0.0
100,SEDUCE,0.0,1,0,0,0,0,0,0.0
101,DEFRAUD,0.0,1,0,0,0,0,0,0.0
102,OSTRACISE,0.0,1,0,0,0,0,0,0.0
103,LIE,0.0,1,0,0,0,0,0,0.0
104,SOLVE_DISPUTE,0.0,1,0,0,0,0,0,0.0
105,ACTIVISM_COMMON_GOOD,0.0,1,0,0,0,0,0,0.0
106,PRAY_PSALM,0.0,1,0,0,0,0,0,0.0
107,PRAY_ROSARY,0.0,1,0,0,0,0,0,0.0
108,PRAY_MENTAL,0.0,1,0,0,0,0,0,0.0
109,PRAY_HATED_PERSON,0.0,1,0,0,0,0,0,0.0
110,OBEY_SUPERIOR,0.0,1,0,0,0,0,0,0.0
111,ARMY_JOIN,0.0,1,0,0,0,0,0,0.0
112,MASS_STATE_OF_GRACE,0.0,1,0,0,0,0,0,0.0
113,MASS_MS,0.0,1,0,0,0,0,0,0.0
114,RECEIVE_COMMUNION_GRACE,0.0,1,0,0,0,0,0,0.0
115,RECEIVE_COMMUNION_MS,0.0,1,0,0,0,0,0,0.0
116,MAKE_FRIENDS,0.0,1,0,0,0,0,0,0.0
117,APOLOGISE,0.0,1,0,0,0,0,0,0.0
118,ALMS,0.0,1,0,0,0,0,0,0.0
119,READ_LAW_EPIEIKEIA,0.0,1,0,0,0,0,0,0.0
120,MURDER,0.0,1,0,0,0,0,0,0.0
121,MUTILATE,0.0,1,0,0,0,0,0,0.0
122,STEAL_SMALL,0.0,1,0,0,0,0,0,0.0
123,STEAL_BIG,0.0,1,0,0,0,0,0,0.0
124,ROBBERY,0.0,1,0,0,0,0,0,0.0
125,SMUG_SUPERIORITY,0.0,1,0,0,0,0,0,0.0
126,EXHALT_IN_OWN_STRENGTH,0.0,1,0,0,0,0,0,0.0
127,ATTRIBUTE_UNPOSSESSED_GOOD,0.0,1,0,0,0,0,0,0.0
128,CALUMNY,0.0,1,0,0,0,0,0,0.0
129,DETRACTION,0.0,1,0,0,0,0,0,0.0
130,RASH_JUDGEMENT,0.0,1,0,0,0,0,0,0.0
131,GOSSIP,0.0,1,0,0,0,0,0,0.0
132,LOANSHARK,0.0,1,0,0,0,0,0,0.0
133,MOCKERY,0.0,1,0,0,0,0,0,0.0
134,RASH_OATH,0.0,1,0,0,0,0,0,0.0
135,IDOLATRY,0.0,1,0,0,0,0,0,0.0
136,CAST_SPELL,0.0,1,0,0,0,0,0,0.0
137,TEMPT_GOD,0.0,1,0,0,0,0,0,0.0
138,SACRILEGE_EUCHARIST,0.0,1,0,0,0,0,0,0.0
139,SACRILEGE_STATUE,0.0,1,0,0,0,0,0,0.0
140,SIMONY,0.0,1,0,0,0,0,0,0.0
141,VENGEANCE,0.0,1,0,0,0,0,0,0.0
142,BOAST,0.0,1,0,0,0,0,0,0.0
143,IGNORE_GOOD_ACTION,0.0,1,0,0,0,0,0,0.0
144,FLATTER,0.0,1,0,0,0,0,0,0.0
145,CHASE_MONEY,0.0,1,0,0,0,0,0,0.0
146,INSULTING_SARCASM,0.0,1,0,0,0,0,0,0.0
147,SUING_EXCESSIVELY,0.0,1,0,0,0,0,0,0.0
148,PLANNING_GREAT_THINGS,0.0,1,0,0,0,0,0,0.0
149,ILLNESS,0.0,1,0,0,0,0,0,0.0
150,VISION,0.0,1,0,0,0,0,0,0.0
151,INNERLOCUTION,0.0,1,0,0,0,0,0,0.0
152,FAST,0.0,1,0,0,0,0,0,0.0
153,VIGIL,0.0,1,0,0,0,0,0,0.0
154,AMBITION,0.0,1,0,0,0,0,0,0.0
155,SCHADENFREUDE,0.0,1,0,0,0,0,0,0.0
156,REJOICE_IN_EVIL,0.0,1,0,0,0,0,0,0.0
157,COMPLASCENT,0.0,1,0,0,0,0,0,0.0
158,REALISE_LOWLINESS,0.0,1,0,0,0,0,0,0.0
159,MASTURBATE,0.0,1,0,0,0,0,0,0.0
160,FORNICATE,0.0,1,0,0,0,0,0,0.0
161,STUDY,0.0,1,0,0,0,0,0,0.0
162,FORGIVE,0.0,1,0,0,0,0,0,0.0
163,BETTER_DECORUM,0.0,1,0,0,0,0,0,0.0
164,SELL_POSSESSIONS,0.0,1,0,0,0,0,0,0.0
165,BULLY,0.0,1,0,0,0,0,0,0.0
166,BEAT_UP,0.0,1,0,0,0,0,0,0.0
167,CRUDE_JOKE,0.0,1,0,0,0,0,0,0.0
168,REPENTENCE,0.0,1,0,0,0,0,0,0.0
169,HERESY,0.0,1,0,0,0,0,0,0.0
170,APOSTASY,0.0,1,0,0,0,0,0,0.0
171,BLASPHEMY,0.0,1,0,0,0,0,0,0.0
172,HATREDOFGOD,0.0,1,0,0,0,0,0,0.0
173,ARGUE,0.0,1,0,0,0,0,0,0.0
174,SCHISM,0.0,1,0,0,0,0,0,0.0
175,SCANDALISE,0.0,1,0,0,0,0,0,0.0
176,TEMPLATE,0.0,1,0,0,1,0,1,0.0
177,READ_SCRIPTURE,0.0,1,0,0,1,0,1,0.0
178,UNDERSTAND_MORAL_LAW,0.0,1,0,0,1,0,1,0.0
179,BEATEN_UP,0.0,1,0,0,1,0,1,0.0
180,ESCAPING_A_PIT,0.0,1,0,0,1,0,1,0.0
181,DEFUSING_A_FIGHT,0.0,1,0,0,1,0,1,0.0
182,AVOIDING_STUMBLINGBLOCK,0.0,1,0,0,1,0,1,0.0
183,CIRCUMSPECTION,0.0,1,0,0,1,0,1,0.0
184,AVOIDING_STUMBLINGBLOCK_CAUTION,0.0,1,0,0,1,0,1,0.0
185,BAD_WORK,0.0,1,0,0,1,0,1,0.0
186,FAIL_EXERCISES,0.0,1,0,0,1,0,1,0.0
187,NEGLIGENT_WORK,0.0,1,0,0,1,0,1,0.0
188,SEDUCE,0.0,1,0,0,1,0,1,0.0
189,DEFRAUD,0.0,1,0,0,1,0,1,0.0
190,OSTRACISE,0.0,1,0,0,1,0,1,0.0
191,LIE,0.0,1,0,0,1,0,1,0.0
192,SOLVE_DISPUTE,0.0,1,0,0,1,0,1,0.0
193,ACTIVISM_COMMON_GOOD,0.0,1,0,0,1,0,1,0.0
194,PRAY_PSALM,0.0,1,0,0,1,0,1,0.0
195,PRAY_ROSARY,0.0,1,0,0,1,0,1,0.0
196,PRAY_MENTAL,0.0,1,0,0,1,0,1,0.0
197,PRAY_HATED_PERSON,0.0,1,0,0,1,0,1,0.0
198,OBEY_SUPERIOR,0.0,1,0,0,1,0,1,0.0
199,ARMY_JOIN,0.0,1,0,0,1,0,1,0.0
200,MASS_STATE_OF_GRACE,0.0,1,0,0,1,0,1,0.0
201,MASS_MS,0.0,1,0,0,1,0,1,0.0
202,RECEIVE_COMMUNION_GRACE,0.0,1,0,0,1,0,1,0.0
203,RECEIVE_COMMUNION_MS,0.0,1,0,0,1,0,1,0.0
204,MAKE_FRIENDS,0.0,1,0,0,1,0,1,0.0
205,APOLOGISE,0.0,1,0,0,1,0,1,0.0
206,ALMS,0.0,1,0,0,1,0,1,0.0
207,READ_LAW_EPIEIKEIA,0.0,1,0,0,1,0,1,0.0
208,MURDER,0.0,1,0,0,1,0,1,0.0
209,MUTILATE,0.0,1,0,0,1,0,1,0.0
210,STEAL_SMALL,0.0,1,0,0,1,0,1,0.0
211,STEAL_BIG,0.0,1,0,0,1,0,1,0.0
212,ROBBERY,0.0,1,0,0,1,0,1,0.0
213,SMUG_SUPERIORITY,0.0,1,0,0,1,0,1,0.0
214,EXHALT_IN_OWN_STRENGTH,0.0,1,0,0,1,0,1,0.0
215,ATTRIBUTE_UNPOSSESSED_GOOD,0.0,1,0,0,1,0,1,0.0
216,CALUMNY,0.0,1,0,0,1,0,1,0.0
217,DETRACTION,0.0,1,0,0,1,0,1,0.0
218,RASH_JUDGEMENT,0.0,1,0,0,1,0,1,0.0
219,GOSSIP,0.0,1,0,0,1,0,1,0.0
220,LOANSHARK,0.0,1,0,0,1,0,1,0.0
221,MOCKERY,0.0,1,0,0,1,0,1,0.0
222,RASH_OATH,0.0,1,0,0,1,0,1,0.0
223,IDOLATRY,0.0,1,0,0,1,0,1,0.0
224,CAST_SPELL,0.0,1,0,0,1,0,1,0.0
225,TEMPT_GOD,0.0,1,0,0,1,0,1,0.0
226,SACRILEGE_EUCHARIST,0.0,1,0,0,1,0,1,0.0
227,SACRILEGE_STATUE,0.0,1,0,0,1,0,1,0.0
228,SIMONY,0.0,1,0,0,1,0,1,0.0
229,VENGEANCE,0.0,1,0,0,1,0,1,0.0
230,BOAST,0.0,1,0,0,1,0,1,0.0
231,IGNORE_GOOD_ACTION,0.0,1,0,0,1,0,1,0.0
232,FLATTER,0.0,1,0,0,1,0,1,0.0
233,CHASE_MONEY,0.0,1,0,0,1,0,1,0.0
234,INSULTING_SARCASM,0.0,1,0,0,1,0,1,0.0
235,SUING_EXCESSIVELY,0.0,1,0,0,1,0,1,0.0
236,PLANNING_GREAT_THINGS,0.0,1,0,0,1,0,1,0.0
237,ILLNESS,0.0,1,0,0,1,0,1,0.0
238,VISION,0.0,1,0,0,1,0,1,0.0
239,INNERLOCUTION,0.0,1,0,0,1,0,1,0.0
240,FAST,0.0,1,0,0,1,0,1,0.0
241,VIGIL,0.0,1,0,0,1,0,1,0.0
242,AMBITION,0.0,1,0,0,1,0,1,0.0
243,SCHADENFREUDE,0.0,1,0,0,1,0,1,0.0
244,REJOICE_IN_EVIL,0.0,1,0,0,1,0,1,0.0
245,COMPLASCENT,0.0,1,0,0,1,0,1,0.0
246,REALISE_LOWLINESS,0.0,1,0,0,1,0,1,0.0
247,MASTURBATE,0.0,1,0,0,1,0,1,0.0
248,FORNICATE,0.0,1,0,0,1,0,1,0.0
249,STUDY,0.0,1,0,0,1,0,1,0.0
250,FORGIVE,0.0,1,0,0,1,0,1,0.0
251,BETTER_DECORUM,0.0,1,0,0,1,0,1,0.0
252,SELL_POSSESSIONS,0.0,1,0,0,1,0,1,0.0
253,BULLY,0.0,1,0,0,1,0,1,0.0
254,BEAT_UP,0.0,1,0,0,1,0,1,0.0
255,CRUDE_JOKE,0.0,1,0,0,1,0,1,0.0
256,REPENTENCE,0.0,1,0,0,1,0,1,0.0
257,HERESY,0.0,1,0,0,1,0,1,0.0
258,APOSTASY,0.0,1,0,0,1,0,1,0.0
259,BLASPHEMY,0.0,1,0,0,1,0,1,0.0
260,HATREDOFGOD,0.0,1,0,0,1,0,1,0.0
261,ARGUE,0.0,1,0,0,1,0,1,0.0
262,SCHISM,0.0,1,0,0,1,0,1,0.0
263,SCANDALISE,0.0,1,0,0,1,0,1,0.0
264,TEMPLATE,0.0,1,0,0,1,0,0,0.0
265,READ_SCRIPTURE,0.0,1,0,0,1,0,0,0.0
266,UNDERSTAND_MORAL_LAW,0.0,1,0,0,1,0,0,0.0
267,BEATEN_UP,0.0,1,0,0,1,0,0,0.0
268,ESCAPING_A_PIT,0.0,1,0,0,1,0,0,0.0
269,DEFUSING_A_FIGHT,0.0,1,0,0,1,0,0,0.0
270,AVOIDING_STUMBLINGBLOCK,0.0,1,0,0,1,0,0,0.0
271,CIRCUMSPECTION,0.0,1,0,0,1,0,0,0.0
272,AVOIDING_STUMBLINGBLOCK_CAUTION,0.0,1,0,0,1,0,0,0.0
273,BAD_WORK,0.0,1,0,0,1,0,0,0.0
274,FAIL_EXERCISES,0.0,1,0,0,1,0,0,0.0
275,NEGLIGENT_WORK,0.0,1,0,0,1,0,0,0.0
276,SEDUCE,0.0,1,0,0,1,0,0,0.0
277,DEFRAUD,0.0,1,0,0,1,0,0,0.0
278,OSTRACISE,0.0,1,0,0,1,0,0,0.0
279,LIE,0.0,1,0,0,1,0,0,0.0
280,SOLVE_DISPUTE,0.0,1,0,0,1,0,0,0.0
281,ACTIVISM_COMMON_GOOD,0.0,1,0,0,1,0,0,0.0
282,PRAY_PSALM,0.0,1,0,0,1,0,0,0.0
283,PRAY_ROSARY,0.0,1,0,0,1,0,0,0.0
284,PRAY_MENTAL,0.0,1,0,0,1,0,0,0.0
285,PRAY_HATED_PERSON,0.0,1,0,0,1,0,0,0.0
286,OBEY_SUPERIOR,0.0,1,0,0,1,0,0,0.0
287,ARMY_JOIN,0.0,1,0,0,1,0,0,0.0
288,MASS_STATE_OF_GRACE,0.0,1,0,0,1,0,0,0.0
289,MASS_MS,0.0,1,0,0,1,0,0,0.0
290,RECEIVE_COMMUNION_GRACE,0.0,1,0,0,1,0,0,0.0
291,RECEIVE_COMMUNION_MS,0.0,1,0,0,1,0,0,0.0
292,MAKE_FRIENDS,0.0,1,0,0,1,0,0,0.0
293,APOLOGISE,0.0,1,0,0,1,0,0,0.0
294,ALMS,0.0,1,0,0,1,0,0,0.0
295,READ_LAW_EPIEIKEIA,0.0,1,0,0,1,0,0,0.0
296,MURDER,0.0,1,0,0,1,0,0,0.0
297,MUTILATE,0.0,1,0,0,1,0,0,0.0
298,STEAL_SMALL,0.0,1,0,0,1,0,0,0.0
299,STEAL_BIG,0.0,1,0,0,1,0,0,0.0
300,ROBBERY,0.0,1,0,0,1,0,0,0.0
301,SMUG_SUPERIORITY,0.0,1,0,0,1,0,0,0.0
302,EXHALT_IN_OWN_STRENGTH,0.0,1,0,0,1,0,0,0.0
303,ATTRIBUTE_UNPOSSESSED_GOOD,0.0,1,0,0,1,0,0,0.0
304,CALUMNY,0.0,1,0,0,1,0,0,0.0
305,DETRACTION,0.0,1,0,0,1,0,0,0.0
306,RASH_JUDGEMENT,0.0,1,0,0,1,0,0,0.0
307,GOSSIP,0.0,1,0,0,1,0,0,0.0
308,LOANSHARK,0.0,1,0,0,1,0,0,0.0
309,MOCKERY,0.0,1,0,0,1,0,0,0.0
310,RASH_OATH,0.0,1,0,0,1,0,0,0.0
311,IDOLATRY,0.0,1,0,0,1,0,0,0.0
312,CAST_SPELL,0.0,1,0,0,1,0,0,0.0
313,TEMPT_GOD,0.0,1,0,0,1,0,0,0.0
314,SACRILEGE_EUCHARIST,0.0,1,0,0,1,0,0,0.0
315,SACRILEGE_STATUE,0.0,1,0,0,1,0,0,0.0
316,SIMONY,0.0,1,0,0,1,0,0,0.0
317,VENGEANCE,0.0,1,0,0,1,0,0,0.0
318,BOAST,0.0,1,0,0,1,0,0,0.0
319,IGNORE_GOOD_ACTION,0.0,1,0,0,1,0,0,0.0
320,FLATTER,0.0,1,0,0,1,0,0,0.0
321,CHASE_MONEY,0.0,1,0,0,1,0,0,0.0
322,INSULTING_SARCASM,0.0,1,0,0,1,0,0,0.0
323,SUING_EXCESSIVELY,0.0,1,0,0,1,0,0,0.0
324,PLANNING_GREAT_THINGS,0.0,1,0,0,1,0,0,0.0
325,ILLNESS,0.0,1,0,0,1,0,0,0.0
326,VISION,0.0,1,0,0,1,0,0,0.0
327,INNERLOCUTION,0.0,1,0,0,1,0,0,0.0
328,FAST,0.0,1,0,0,1,0,0,0.0
329,VIGIL,0.0,1,0,0,1,0,0,0.0
330,AMBITION,0.0,1,0,0,1,0,0,0.0
331,SCHADENFREUDE,0.0,1,0,0,1,0,0,0.0
332,REJOICE_IN_EVIL,0.0,1,0,0,1,0,0,0.0
333,COMPLASCENT,0.0,1,0,0,1,0,0,0.0
334,REALISE_LOWLINESS,0.0,1,0,0,1,0,0,0.0
335,MASTURBATE,0.0,1,0,0,1,0,0,0.0
336,FORNICATE,0.0,1,0,0,1,0,0,0.0
337,STUDY,0.0,1,0,0,1,0,0,0.0
338,FORGIVE,0.0,1,0,0,1,0,0,0.0
339,BETTER_DECORUM,0.0,1,0,0,1,0,0,0.0
340,SELL_POSSESSIONS,0.0,1,0,0,1,0,0,0.0
341,BULLY,0.0,1,0,0,1,0,0,0.0
342,BEAT_UP,0.0,1,0,0,1,0,0,0.0
343,CRUDE_JOKE,0.0,1,0,0,1,0,0,0.0
344,REPENTENCE,0.0,1,0,0,1,0,0,0.0
345,HERESY,0.0,1,0,0,1,0,0,0.0
346,APOSTASY,0.0,1,0,0,1,0,0,0.0
347,BLASPHEMY,0.0,1,0,0,1,0,0,0.0
348,HATREDOFGOD,0.0,1,0,0,1,0,0,0.0
349,ARGUE,0.0,1,0,0,1,0,0,0.0
350,SCHISM,0.0,1,0,0,1,0,0,0.0
351,SCANDALISE,0.0,1,0,0,1,0,0,0.0
352,TEMPLATE,0.0,1,0,0,0,1,1,0.0
353,READ_SCRIPTURE,0.0,1,0,0,0,1,1,0.0
354,UNDERSTAND_MORAL_LAW,0.0,1,0,0,0,1,1,0.0
355,BEATEN_UP,0.0,1,0,0,0,1,1,0.0
356,ESCAPING_A_PIT,0.0,1,0,0,0,1,1,0.0
357,DEFUSING_A_FIGHT,0.0,1,0,0,0,1,1,0.0
358,AVOIDING_STUMBLINGBLOCK,0.0,1,0,0,0,1,1,0.0
359,CIRCUMSPECTION,0.0,1,0,0,0,1,1,0.0
360,AVOIDING_STUMBLINGBLOCK_CAUTION,0.0,1,0,0,0,1,1,0.0
361,BAD_WORK,0.0,1,0,0,0,1,1,0.0
362,FAIL_EXERCISES,0.0,1,0,0,0,1,1,0.0
363,NEGLIGENT_WORK,0.0,1,0,0,0,1,1,0.0
364,SEDUCE,0.0,1,0,0,0,1,1,0.0
365,DEFRAUD,0.0,1,0,0,0,1,1,0.0
366,OSTRACISE,0.0,1,0,0,0,1,1,0.0
367,LIE,0.0,1,0,0,0,1,1,0.0
368,SOLVE_DISPUTE,0.0,1,0,0,0,1,1,0.0
369,ACTIVISM_COMMON_GOOD,0.0,1,0,0,0,1,1,0.0
370,PRAY_PSALM,0.0,1,0,0,0,1,1,0.0
371,PRAY_ROSARY,0.0,1,0,0,0,1,1,0.0
372,PRAY_MENTAL,0.0,1,0,0,0,1,1,0.0
373,PRAY_HATED_PERSON,0.0,1,0,0,0,1,1,0.0
374,OBEY_SUPERIOR,0.0,1,0,0,0,1,1,0.0
375,ARMY_JOIN,0.0,1,0,0,0,1,1,0.0
376,MASS_STATE_OF_GRACE,0.0,1,0,0,0,1,1,0.0
377,MASS_MS,0.0,1,0,0,0,1,1,0.0
378,RECEIVE_COMMUNION_GRACE,0.0,1,0,0,0,1,1,0.0
379,RECEIVE_COMMUNION_MS,0.0,1,0,0,0,1,1,0.0
380,MAKE_FRIENDS,0.0,1,0,0,0,1,1,0.0
381,APOLOGISE,0.0,1,0,0,0,1,1,0.0
382,ALMS,0.0,1,0,0,0,1,1,0.0
383,READ_LAW_EPIEIKEIA,0.0,1,0,0,0,1,1,0.0
384,MURDER,0.0,1,0,0,0,1,1,0.0
385,MUTILATE,0.0,1,0,0,0,1,1,0.0
386,STEAL_SMALL,0.0,1,0,0,0,1,1,0.0
387,STEAL_BIG,0.0,1,0,0,0,1,1,0.0
388,ROBBERY,0.0,1,0,0,0,1,1,0.0
389,SMUG_SUPERIORITY,0.0,1,0,0,0,1,1,0.0
390,EXHALT_IN_OWN_STRENGTH,0.0,1,0,0,0,1,1,0.0
391,ATTRIBUTE_UNPOSSESSED_GOOD,0.0,1,0,0,0,1,1,0.0
392,CALUMNY,0.0,1,0,0,0,1,1,0.0
393,DETRACTION,0.0,1,0,0,0,1,1,0.0
394,RASH_JUDGEMENT,0.0,1,0,0,0,1,1,0.0
395,GOSSIP,0.0,1,0,0,0,1,1,0.0
396,LOANSHARK,0.0,1,0,0,0,1,1,0.0
397,MOCKERY,0.0,1,0,0,0,1,1,0.0
398,RASH_OATH,0.0,1,0,0,0,1,1,0.0
399,IDOLATRY,0.0,1,0,0,0,1,1,0.0
400,CAST_SPELL,0.0,1,0,0,0,1,1,0.0
401,TEMPT_GOD,0.0,1,0,0,0,1,1,0.0
402,SACRILEGE_EUCHARIST,0.0,1,0,0,0,1,1,0.0
403,SACRILEGE_STATUE,0.0,1,0,0,0,1,1,0.0
404,SIMONY,0.0,1,0,0,0,1,1,0.0
405,VENGEANCE,0.0,1,0,0,0,1,1,0.0
406,BOAST,0.0,1,0,0,0,1,1,0.0
407,IGNORE_GOOD_ACTION,0.0,1,0,0,0,1,1,0.0
408,FLATTER,0.0,1,0,0,0,1,1,0.0
409,CHASE_MONEY,0.0,1,0,0,0,1,1,0.0
410,INSULTING_SARCASM,0.0,1,0,0,0,1,1,0.0
411,SUING_EXCESSIVELY,0.0,1,0,0,0,1,1,0.0
412,PLANNING_GREAT_THINGS,0.0,1,0,0,0,1,1,0.0
413,ILLNESS,0.0,1,0,0,0,1,1,0.0
414,VISION,0.0,1,0,0,0,1,1,0.0
415,INNERLOCUTION,0.0,1,0,0,0,1,1,0.0
416,FAST,0.0,1,0,0,0,1,1,0.0
417,VIGIL,0.0,1,0,0,0,1,1,0.0
418,AMBITION,0.0,1,0,0,0,1,1,0.0
419,SCHADENFREUDE,0.0,1,0,0,0,1,1,0.0
420,REJOICE_IN_EVIL,0.0,1,0,0,0,1,1,0.0
421,COMPLASCENT,0.0,1,0,0,0,1,1,0.0
422,REALISE_LOWLINESS,0.0,1,0,0,0,1,1,0.0
423,MASTURBATE,0.0,1,0,0,0,1,1,0.0
424,FORNICATE,0.0,1,0,0,0,1,1,0.0
425,STUDY,0.0,1,0,0,0,1,1,0.0
426,FORGIVE,0.0,1,0,0,0,1,1,0.0
427,BETTER_DECORUM,0.0,1,0,0,0,1,1,0.0
428,SELL_POSSESSIONS,0.0,1,0,0,0,1,1,0.0
429,BULLY,0.0,1,0,0,0,1,1,0.0
430,BEAT_UP,0.0,1,0,0,0,1,1,0.0
431,CRUDE_JOKE,0.0,1,0,0,0,1,1,0.0
432,REPENTENCE,0.0,1,0,0,0,1,1,0.0
433,HERESY,0.0,1,0,0,0,1,1,0.0
434,APOSTASY,0.0,1,0,0,0,1,1,0.0
435,BLASPHEMY,0.0,1,0,0,0,1,1,0.0
436,HATREDOFGOD,0.0,1,0,0,0,1,1,0.0
437,ARGUE,0.0,1,0,0,0,1,1,0.0
438,SCHISM,0.0,1,0,0,0,1,1,0.0
439,SCANDALISE,0.0,1,0,0,0,1,1,0.0
440,TEMPLATE,0.0,1,0,0,0,1,0,0.0
441,READ_SCRIPTURE,0.0,1,0,0,0,1,0,0.0
442,UNDERSTAND_MORAL_LAW,0.0,1,0,0,0,1,0,0.0
443,BEATEN_UP,0.0,1,0,0,0,1,0,0.0
444,ESCAPING_A_PIT,0.0,1,0,0,0,1,0,0.0
445,DEFUSING_A_FIGHT,0.0,1,0,0,0,1,0,0.0
446,AVOIDING_STUMBLINGBLOCK,0.0,1,0,0,0,1,0,0.0
447,CIRCUMSPECTION,0.0,1,0,0,0,1,0,0.0
448,AVOIDING_STUMBLINGBLOCK_CAUTION,0.0,1,0,0,0,1,0,0.0
449,BAD_WORK,0.0,1,0,0,0,1,0,0.0
450,FAIL_EXERCISES,0.0,1,0,0,0,1,0,0.0
451,NEGLIGENT_WORK,0.0,1,0,0,0,1,0,0.0
452,SEDUCE,0.0,1,0,0,0,1,0,0.0
453,DEFRAUD,0.0,1,0,0,0,1,0,0.0
454,OSTRACISE,0.0,1,0,0,0,1,0,0.0
455,LIE,0.0,1,0,0,0,1,0,0.0
456,SOLVE_DISPUTE,0.0,1,0,0,0,1,0,0.0
457,ACTIVISM_COMMON_GOOD,0.0,1,0,0,0,1,0,0.0
458,PRAY_PSALM,0.0,1,0,0,0,1,0,0.0
459,PRAY_ROSARY,0.0,1,0,0,0,1,0,0.0
460,PRAY_MENTAL,0.0,1,0,0,0,1,0,0.0
461,PRAY_HATED_PERSON,0.0,1,0,0,0,1,0,0.0
462,OBEY_SUPERIOR,0.0,1,0,0,0,1,0,0.0
463,ARMY_JOIN,0.0,1,0,0,0,1,0,0.0
464,MASS_STATE_OF_GRACE,0.0,1,0,0,0,1,0,0.0
465,MASS_MS,0.0,1,0,0,0,1,0,0.0
466,RECEIVE_COMMUNION_GRACE,0.0,1,0,0,0,1,0,0.0
467,RECEIVE_COMMUNION_MS,0.0,1,0,0,0,1,0,0.0
468,MAKE_FRIENDS,0.0,1,0,0,0,1,0,0.0
469,APOLOGISE,0.0,1,0,0,0,1,0,0.0
470,ALMS,0.0,1,0,0,0,1,0,0.0
471,READ_LAW_EPIEIKEIA,0.0,1,0,0,0,1,0,0.0
472,MURDER,0.0,1,0,0,0,1,0,0.0
473,MUTILATE,0.0,1,0,0,0,1,0,0.0
474,STEAL_SMALL,0.0,1,0,0,0,1,0,0.0
475,STEAL_BIG,0.0,1,0,0,0,1,0,0.0
476,ROBBERY,0.0,1,0,0,0,1,0,0.0
477,SMUG_SUPERIORITY,0.0,1,0,0,0,1,0,0.0
478,EXHALT_IN_OWN_STRENGTH,0.0,1,0,0,0,1,0,0.0
479,ATTRIBUTE_UNPOSSESSED_GOOD,0.0,1,0,0,0,1,0,0.0
480,CALUMNY,0.0,1,0,0,0,1,0,0.0
481,DETRACTION,0.0,1,0,0,0,1,0,0.0
482,RASH_JUDGEMENT,0.0,1,0,0,0,1,0,0.0
483,GOSSIP,0.0,1,0,0,0,1,0,0.0
484,LOANSHARK,0.0,1,0,0,0,1,0,0.0
485,MOCKERY,0.0,1,0,0,0,1,0,0.0
486,RASH_OATH,0.0,1,0,0,0,1,0,0.0
487,IDOLATRY,0.0,1,0,0,0,1,0,0.0
488,CAST_SPELL,0.0,1,0,0,0,1,0,0.0
489,TEMPT_GOD,0.0,1,0,0,0,1,0,0.0
490,SACRILEGE_EUCHARIST,0.0,1,0,0,0,1,0,0.0
491,SACRILEGE_STATUE,0.0,1,0,0,0,1,0,0.0
492,SIMONY,0.0,1,0,0,0,1,0,0.0
493,VENGEANCE,0.0,1,0,0,0,1,0,0.0
494,BOAST,0.0,1,0,0,0,1,0,0.0
495,IGNORE_GOOD_ACTION,0.0,1,0,0,0,1,0,0.0
496,FLATTER,0.0,1,0,0,0,1,0,0.0
497,CHASE_MONEY,0.0,1,0,0,0,1,0,0.0
498,INSULTING_SARCASM,0.0,1,0,0,0,1,0,0.0
499,SUING_EXCESSIVELY,0.0,1,0,0,0,1,0,0.0
500,PLANNING_GREAT_THINGS,0.0,1,0,0,0,1,0,0.0
501,ILLNESS,0.0,1,0,0,0,1,0,0.0
502,VISION,0.0,1,0,0,0,1,0,0.0
503,INNERLOCUTION,0.0,1,0,0,0,1,0,0.0
504,FAST,0.0,1,0,0,0,1,0,0.0
505,VIGIL,0.0,1,0,0,0,1,0,0.0
506,AMBITION,0.0,1,0,0,0,1,0,0.0
507,SCHADENFREUDE,0.0,1,0,0,0,1,0,0.0
508,REJOICE_IN_EVIL,0.0,1,0,0,0,1,0,0.0
509,COMPLASCENT,0.0,1,0,0,0,1,0,0.0
510,REALISE_LOWLINESS,0.0,1,0,0,0,1,0,0.0
511,MASTURBATE,0.0,1,0,0,0,1,0,0.0
512,FORNICATE,0.0,1,0,0,0,1,0,0.0
513,STUDY,0.0,1,0,0,0,1,0,0.0
514,FORGIVE,0.0,1,0,0,0,1,0,0.0
515,BETTER_DECORUM,0.0,1,0,0,0,1,0,0.0
516,SELL_POSSESSIONS,0.0,1,0,0,0,1,0,0.0
517,BULLY,0.0,1,0,0,0,1,0,0.0
518,BEAT_UP,0.0,1,0,0,0,1,0,0.0
519,CRUDE_JOKE,0.0,1,0,0,0,1,0,0.0
520,REPENTENCE,0.0,1,0,0,0,1,0,0.0
521,HERESY,0.0,1,0,0,0,1,0,0.0
522,APOSTASY,0.0,1,0,0,0,1,0,0.0
523,BLASPHEMY,0.0,1,0,0,0,1,0,0.0
524,HATREDOFGOD,0.0,1,0,0,0,1,0,0.0
525,ARGUE,0.0,1,0,0,0,1,0,0.0
526,SCHISM,0.0,1,0,0,0,1,0,0.0
527,SCANDALISE,0.0,1,0,0,0,1,0,0.0
528,TEMPLATE,0.0,0,1,0,0,0,0,0.0
529,READ_SCRIPTURE,0.0,0,1,0,0,0,0,1.0
530,UNDERSTAND_MORAL_LAW,0.0,0,1,0,0,0,0,0.0
531,BEATEN_UP,0.0,0,1,0,0,0,0,0.0
532,ESCAPING_A_PIT,0.0,0,1,0,0,0,0,0.0
533,DEFUSING_A_FIGHT,0.0,0,1,0,0,0,0,0.0
534,AVOIDING_STUMBLINGBLOCK,0.0,0,1,0,0,0,0,0.0
535,CIRCUMSPECTION,0.0,0,1,0,0,0,0,0.0
536,AVOIDING_STUMBLINGBLOCK_CAUTION,0.0,0,1,0,0,0,0,0.0
537,BAD_WORK,0.0,0,1,0,0,0,0,0.0
538,FAIL_EXERCISES,0.0,0,1,0,0,0,0,0.0
539,NEGLIGENT_WORK,0.0,0,1,0,0,0,0,0.0
540,SEDUCE,0.0,0,1,0,0,0,0,0.0
541,DEFRAUD,0.0,0,1,0,0,0,0,0.0
542,OSTRACISE,0.0,0,1,0,0,0,0,0.0
543,LIE,0.0,0,1,0,0,0,0,0.0
544,SOLVE_DISPUTE,0.0,0,1,0,0,0,0,0.0
545,ACTIVISM_COMMON_GOOD,0.0,0,1,0,0,0,0,0.0
546,PRAY_PSALM,0.0,0,1,0,0,0,0,0.0
547,PRAY_ROSARY,0.0,0,1,0,0,0,0,0.0
548,PRAY_MENTAL,0.0,0,1,0,0,0,0,0.0
549,PRAY_HATED_PERSON,0.0,0,1,0,0,0,0,0.0
550,OBEY_SUPERIOR,0.0,0,1,0,0,0,0,0.0
551,ARMY_JOIN,0.0,0,1,0,0,0,0,0.0
552,MASS_STATE_OF_GRACE,0.0,0,1,0,0,0,0,0.0
553,MASS_MS,0.0,0,1,0,0,0,0,0.0
554,RECEIVE_COMMUNION_GRACE,0.0,0,1,0,0,0,0,3.0
555,RECEIVE_COMMUNION_MS,0.0,0,1,0,0,0,0,0.0
556,MAKE_FRIENDS,0.0,0,1,0,0,0,0,0.0
557,APOLOGISE,0.0,0,1,0,0,0,0,0.0
558,ALMS,0.0,0,1,0,0,0,0,0.0
559,READ_LAW_EPIEIKEIA,0.0,0,1,0,0,0,0,0.0
560,MURDER,0.0,0,1,0,0,0,0,0.0
561,MUTILATE,0.0,0,1,0,0,0,0,0.0
562,STEAL_SMALL,0.0,0,1,0,0,0,0,0.0
563,STEAL_BIG,0.0,0,1,0,0,0,0,0.0
564,ROBBERY,0.0,0,1,0,0,0,0,0.0
565,SMUG_SUPERIORITY,0.0,0,1,0,0,0,0,0.0
566,EXHALT_IN_OWN_STRENGTH,0.0,0,1,0,0,0,0,0.0
567,ATTRIBUTE_UNPOSSESSED_GOOD,0.0,0,1,0,0,0,0,0.0
568,CALUMNY,0.0,0,1,0,0,0,0,0.0
569,DETRACTION,0.0,0,1,0,0,0,0,0.0
570,RASH_JUDGEMENT,0.0,0,1,0,0,0,0,0.0
571,GOSSIP,0.0,0,1,0,0,0,0,0.0
572,LOANSHARK,0.0,0,1,0,0,0,0,0.0
573,MOCKERY,0.0,0,1,0,0,0,0,0.0
574,RASH_OATH,0.0,0,1,0,0,0,0,0.0
575,IDOLATRY,0.0,0,1,0,0,0,0,0.0
576,CAST_SPELL,0.0,0,1,0,0,0,0,0.0
577,TEMPT_GOD,0.0,0,1,0,0,0,0,0.0
578,SACRILEGE_EUCHARIST,0.0,0,1,0,0,0,0,0.0
579,SACRILEGE_STATUE,0.0,0,1,0,0,0,0,0.0
580,SIMONY,0.0,0,1,0,0,0,0,0.0
581,VENGEANCE,0.0,0,1,0,0,0,0,0.0
582,BOAST,0.0,0,1,0,0,0,0,0.0
583,IGNORE_GOOD_ACTION,0.0,0,1,0,0,0,0,0.0
584,FLATTER,0.0,0,1,0,0,0,0,0.0
585,CHASE_MONEY,0.0,0,1,0,0,0,0,0.0
586,INSULTING_SARCASM,0.0,0,1,0,0,0,0,0.0
587,SUING_EXCESSIVELY,0.0,0,1,0,0,0,0,0.0
588,PLANNING_GREAT_THINGS,0.0,0,1,0,0,0,0,0.0
589,ILLNESS,0.0,0,1,0,0,0,0,0.0
590,VISION,0.0,0,1,0,0,0,0,0.0
591,INNERLOCUTION,0.0,0,1,0,0,0,0,0.0
592,FAST,0.0,0,1,0,0,0,0,0.0
593,VIGIL,0.0,0,1,0,0,0,0,0.0
594,AMBITION,0.0,0,1,0,0,0,0,0.0
595,SCHADENFREUDE,0.0,0,1,0,0,0,0,0.0
596,REJOICE_IN_EVIL,0.0,0,1,0,0,0,0,0.0
597,COMPLASCENT,0.0,0,1,0,0,0,0,0.0
598,REALISE_LOWLINESS,0.0,0,1,0,0,0,0,0.0
599,MASTURBATE,0.0,0,1,0,0,0,0,0.0
600,FORNICATE,0.0,0,1,0,0,0,0,0.0
601,STUDY,0.0,0,1,0,0,0,0,0.0
602,FORGIVE,0.0,0,1,0,0,0,0,0.0
603,BETTER_DECORUM,0.0,0,1,0,0,0,0,0.0
604,SELL_POSSESSIONS,0.0,0,1,0,0,0,0,0.0
605,BULLY,0.0,0,1,0,0,0,0,0.0
606,BEAT_UP,0.0,0,1,0,0,0,0,0.0
607,CRUDE_JOKE,0.0,0,1,0,0,0,0,0.0
608,REPENTENCE,0.0,0,1,0,0,0,0,0.0
609,HERESY,0.0,0,1,0,0,0,0,0.0
610,APOSTASY,0.0,0,1,0,0,0,0,0.0
611,BLASPHEMY,0.0,0,1,0,0,0,0,0.0
612,HATREDOFGOD,0.0,0,1,0,0,0,0,0.0
613,ARGUE,0.0,0,1,0,0,0,0,0.0
614,SCHISM,0.0,0,1,0,0,0,0,0.0
615,SCANDALISE,0.0,0,1,0,0,0,0,0.0
616,TEMPLATE,0.0,0,1,0,1,0,0,0.0
617,READ_SCRIPTURE,0.0,0,1,0,1,0,0,0.0
618,UNDERSTAND_MORAL_LAW,0.0,0,1,0,1,0,0,0.0
619,BEATEN_UP,0.0,0,1,0,1,0,0,0.0
620,ESCAPING_A_PIT,0.0,0,1,0,1,0,0,0.0
621,DEFUSING_A_FIGHT,0.0,0,1,0,1,0,0,0.0
622,AVOIDING_STUMBLINGBLOCK,0.0,0,1,0,1,0,0,0.0
623,CIRCUMSPECTION,0.0,0,1,0,1,0,0,0.0
624,AVOIDING_STUMBLINGBLOCK_CAUTION,0.0,0,1,0,1,0,0,0.0
625,BAD_WORK,0.0,0,1,0,1,0,0,0.0
626,FAIL_EXERCISES,0.0,0,1,0,1,0,0,0.0
627,NEGLIGENT_WORK,0.0,0,1,0,1,0,0,0.0
628,SEDUCE,0.0,0,1,0,1,0,0,0.0
629,DEFRAUD,0.0,0,1,0,1,0,0,0.0
630,OSTRACISE,0.0,0,1,0,1,0,0,0.0
631,LIE,0.0,0,1,0,1,0,0,0.0
632,SOLVE_DISPUTE,0.0,0,1,0,1,0,0,0.0
633,ACTIVISM_COMMON_GOOD,0.0,0,1,0,1,0,0,0.0
634,PRAY_PSALM,0.0,0,1,0,1,0,0,0.0
635,PRAY_ROSARY,0.0,0,1,0,1,0,0,0.0
636,PRAY_MENTAL,0.0,0,1,0,1,0,0,0.0
637,PRAY_HATED_PERSON,0.0,0,1,0,1,0,0,0.0
638,OBEY_SUPERIOR,0.0,0,1,0,1,0,0,0.0
639,ARMY_JOIN,0.0,0,1,0,1,0,0,0.0
640,MASS_STATE_OF_GRACE,0.0,0,1,0,1,0,0,0.0
641,MASS_MS,0.0,0,1,0,1,0,0,0.0
642,RECEIVE_COMMUNION_GRACE,0.0,0,1,0,1,0,0,0.0
643,RECEIVE_COMMUNION_MS,0.0,0,1,0,1,0,0,0.0
644,MAKE_FRIENDS,0.0,0,1,0,1,0,0,0.0
645,APOLOGISE,0.0,0,1,0,1,0,0,0.0
646,ALMS,0.0,0,1,0,1,0,0,0.0
647,READ_LAW_EPIEIKEIA,0.0,0,1,0,1,0,0,0.0
648,MURDER,0.0,0,1,0,1,0,0,0.0
649,MUTILATE,0.0,0,1,0,1,0,0,0.0
650,STEAL_SMALL,0.0,0,1,0,1,0,0,0.0
651,STEAL_BIG,0.0,0,1,0,1,0,0,0.0
652,ROBBERY,0.0,0,1,0,1,0,0,0.0
653,SMUG_SUPERIORITY,0.0,0,1,0,1,0,0,0.0
654,EXHALT_IN_OWN_STRENGTH,0.0,0,1,0,1,0,0,0.0
655,ATTRIBUTE_UNPOSSESSED_GOOD,0.0,0,1,0,1,0,0,0.0
656,CALUMNY,0.0,0,1,0,1,0,0,0.0
657,DETRACTION,0.0,0,1,0,1,0,0,0.0
658,RASH_JUDGEMENT,0.0,0,1,0,1,0,0,0.0
659,GOSSIP,0.0,0,1,0,1,0,0,0.0
660,LOANSHARK,0.0,0,1,0,1,0,0,0.0
661,MOCKERY,0.0,0,1,0,1,0,0,0.0
662,RASH_OATH,0.0,0,1,0,1,0,0,0.0
663,IDOLATRY,0.0,0,1,0,1,0,0,0.0
664,CAST_SPELL,0.0,0,1,0,1,0,0,0.0
665,TEMPT_GOD,0.0,0,1,0,1,0,0,0.0
666,SACRILEGE_EUCHARIST,0.0,0,1,0,1,0,0,0.0
667,SACRILEGE_STATUE,0.0,0,1,0,1,0,0,0.0
668,SIMONY,0.0,0,1,0,1,0,0,0.0
669,VENGEANCE,0.0,0,1,0,1,0,0,0.0
670,BOAST,0.0,0,1,0,1,0,0,0.0
671,IGNORE_GOOD_ACTION,0.0,0,1,0,1,0,0,0.0
672,FLATTER,0.0,0,1,0,1,0,0,0.0
673,CHASE_MONEY,0.0,0,1,0,1,0,0,0.0
674,INSULTING_SARCASM,0.0,0,1,0,1,0,0,0.0
675,SUING_EXCESSIVELY,0.0,0,1,0,1,0,0,0.0
676,PLANNING_GREAT_THINGS,0.0,0,1,0,1,0,0,0.0
677,ILLNESS,0.0,0,1,0,1,0,0,0.0
678,VISION,0.0,0,1,0,1,0,0,0.0
679,INNERLOCUTION,0.0,0,1,0,1,0,0,0.0
680,FAST,0.0,0,1,0,1,0,0,0.0
681,VIGIL,0.0,0,1,0,1,0,0,0.0
682,AMBITION,0.0,0,1,0,1,0,0,0.0
683,SCHADENFREUDE,0.0,0,1,0,1,0,0,0.0
684,REJOICE_IN_EVIL,0.0,0,1,0,1,0,0,0.0
685,COMPLASCENT,0.0,0,1,0,1,0,0,0.0
686,REALISE_LOWLINESS,0.0,0,1,0,1,0,0,0.0
687,MASTURBATE,0.0,0,1,0,1,0,0,0.0
688,FORNICATE,0.0,0,1,0,1,0,0,0.0
689,STUDY,0.0,0,1,0,1,0,0,0.0
690,FORGIVE,0.0,0,1,0,1,0,0,0.0
691,BETTER_DECORUM,0.0,0,1,0,1,0,0,0.0
692,SELL_POSSESSIONS,0.0,0,1,0,1,0,0,0.0
693,BULLY,0.0,0,1,0,1,0,0,0.0
694,BEAT_UP,0.0,0,1,0,1,0,0,0.0
695,CRUDE_JOKE,0.0,0,1,0,1,0,0,0.0
696,REPENTENCE,0.0,0,1,0,1,0,0,0.0
697,HERESY,0.0,0,1,0,1,0,0,0.0
698,APOSTASY,0.0,0,1,0,1,0,0,0.0
699,BLASPHEMY,0.0,0,1,0,1,0,0,0.0
700,HATREDOFGOD,0.0,0,1,0,1,0,0,0.0
701,ARGUE,0.0,0,1,0,1,0,0,0.0
702,SCHISM,0.0,0,1,0,1,0,0,0.0
703,SCANDALISE,0.0,0,1,0,1,0,0,0.0
704,TEMPLATE,0.0,0,1,0,0,1,0,0.0
705,READ_SCRIPTURE,0.0,0,1,0,0,1,0,0.0
706,UNDERSTAND_MORAL_LAW,0.0,0,1,0,0,1,0,0.0
707,BEATEN_UP,0.0,0,1,0,0,1,0,0.0
708,ESCAPING_A_PIT,0.0,0,1,0,0,1,0,0.0
709,DEFUSING_A_FIGHT,0.0,0,1,0,0,1,0,0.0
710,AVOIDING_STUMBLINGBLOCK,0.0,0,1,0,0,1,0,0.0
711,CIRCUMSPECTION,0.0,0,1,0,0,1,0,0.0
712,AVOIDING_STUMBLINGBLOCK_CAUTION,0.0,0,1,0,0,1,0,0.0
713,BAD_WORK,0.0,0,1,0,0,1,0,0.0
714,FAIL_EXERCISES,0.0,0,1,0,0,1,0,0.0
715,NEGLIGENT_WORK,0.0,0,1,0,0,1,0,0.0
716,SEDUCE,0.0,0,1,0,0,1,0,0.0
717,DEFRAUD,0.0,0,1,0,0,1,0,0.0
718,OSTRACISE,0.0,0,1,0,0,1,0,0.0
719,LIE,0.0,0,1,0,0,1,0,0.0
720,SOLVE_DISPUTE,0.0,0,1,0,0,1,0,0.0
721,ACTIVISM_COMMON_GOOD,0.0,0,1,0,0,1,0,0.0
722,PRAY_PSALM,0.0,0,1,0,0,1,0,0.0
723,PRAY_ROSARY,0.0,0,1,0,0,1,0,0.0
724,PRAY_MENTAL,0.0,0,1,0,0,1,0,0.0
725,PRAY_HATED_PERSON,0.0,0,1,0,0,1,0,0.0
726,OBEY_SUPERIOR,0.0,0,1,0,0,1,0,0.0
727,ARMY_JOIN,0.0,0,1,0,0,1,0,0.0
728,MASS_STATE_OF_GRACE,0.0,0,1,0,0,1,0,0.0
729,MASS_MS,0.0,0,1,0,0,1,0,0.0
730,RECEIVE_COMMUNION_GRACE,0.0,0,1,0,0,1,0,0.0
731,RECEIVE_COMMUNION_MS,0.0,0,1,0,0,1,0,0.0
732,MAKE_FRIENDS,0.0,0,1,0,0,1,0,0.0
733,APOLOGISE,0.0,0,1,0,0,1,0,0.0
734,ALMS,0.0,0,1,0,0,1,0,0.0
735,READ_LAW_EPIEIKEIA,0.0,0,1,0,0,1,0,0.0
736,MURDER,0.0,0,1,0,0,1,0,0.0
737,MUTILATE,0.0,0,1,0,0,1,0,0.0
738,STEAL_SMALL,0.0,0,1,0,0,1,0,0.0
739,STEAL_BIG,0.0,0,1,0,0,1,0,0.0
740,ROBBERY,0.0,0,1,0,0,1,0,0.0
741,SMUG_SUPERIORITY,0.0,0,1,0,0,1,0,0.0
742,EXHALT_IN_OWN_STRENGTH,0.0,0,1,0,0,1,0,0.0
743,ATTRIBUTE_UNPOSSESSED_GOOD,0.0,0,1,0,0,1,0,0.0
744,CALUMNY,0.0,0,1,0,0,1,0,0.0
745,DETRACTION,0.0,0,1,0,0,1,0,0.0
746,RASH_JUDGEMENT,0.0,0,1,0,0,1,0,0.0
747,GOSSIP,0.0,0,1,0,0,1,0,0.0
748,LOANSHARK,0.0,0,1,0,0,1,0,0.0
749,MOCKERY,0.0,0,1,0,0,1,0,0.0
750,RASH_OATH,0.0,0,1,0,0,1,0,0.0
751,IDOLATRY,0.0,0,1,0,0,1,0,0.0
752,CAST_SPELL,0.0,0,1,0,0,1,0,0.0
753,TEMPT_GOD,0.0,0,1,0,0,1,0,0.0
754,SACRILEGE_EUCHARIST,0.0,0,1,0,0,1,0,0.0
755,SACRILEGE_STATUE,0.0,0,1,0,0,1,0,0.0
756,SIMONY,0.0,0,1,0,0,1,0,0.0
757,VENGEANCE,0.0,0,1,0,0,1,0,0.0
758,BOAST,0.0,0,1,0,0,1,0,0.0
759,IGNORE_GOOD_ACTION,0.0,0,1,0,0,1,0,0.0
760,FLATTER,0.0,0,1,0,0,1,0,0.0
761,CHASE_MONEY,0.0,0,1,0,0,1,0,0.0
762,INSULTING_SARCASM,0.0,0,1,0,0,1,0,0.0
763,SUING_EXCESSIVELY,0.0,0,1,0,0,1,0,0.0
764,PLANNING_GREAT_THINGS,0.0,0,1,0,0,1,0,0.0
765,ILLNESS,0.0,0,1,0,0,1,0,0.0
766,VISION,0.0,0,1,0,0,1,0,0.0
767,INNERLOCUTION,0.0,0,1,0,0,1,0,0.0
768,FAST,0.0,0,1,0,0,1,0,0.0
769,VIGIL,0.0,0,1,0,0,1,0,0.0
770,AMBITION,0.0,0,1,0,0,1,0,0.0
771,SCHADENFREUDE,0.0,0,1,0,0,1,0,0.0
772,REJOICE_IN_EVIL,0.0,0,1,0,0,1,0,0.0
773,COMPLASCENT,0.0,0,1,0,0,1,0,0.0
774,REALISE_LOWLINESS,0.0,0,1,0,0,1,0,0.0
775,MASTURBATE,0.0,0,1,0,0,1,0,0.0
776,FORNICATE,0.0,0,1,0,0,1,0,0.0
777,STUDY,0.0,0,1,0,0,1,0,0.0
778,FORGIVE,0.0,0,1,0,0,1,0,0.0
779,BETTER_DECORUM,0.0,0,1,0,0,1,0,0.0
780,SELL_POSSESSIONS,0.0,0,1,0,0,1,0,0.0
781,BULLY,0.0,0,1,0,0,1,0,0.0
782,BEAT_UP,0.0,0,1,0,0,1,0,0.0
783,CRUDE_JOKE,0.0,0,1,0,0,1,0,0.0
784,REPENTENCE,0.0,0,1,0,0,1,0,0.0
785,HERESY,0.0,0,1,0,0,1,0,0.0
786,APOSTASY,0.0,0,1,0,0,1,0,0.0
787,BLASPHEMY,0.0,0,1,0,0,1,0,0.0
788,HATREDOFGOD,0.0,0,1,0,0,1,0,0.0
789,ARGUE,0.0,0,1,0,0,1,0,0.0
790,SCHISM,0.0,0,1,0,0,1,0,0.0
791,SCANDALISE,0.0,0,1,0,0,1,0,0.0
792,TEMPLATE,0.0,0,0,1,0,0,0,0.0
793,READ_SCRIPTURE,0.0,0,0,1,0,0,0,0.0
794,UNDERSTAND_MORAL_LAW,0.0,0,0,1,0,0,0,0.0
795,BEATEN_UP,0.0,0,0,1,0,0,0,0.0
796,ESCAPING_A_PIT,0.0,0,0,1,0,0,0,0.0
797,DEFUSING_A_FIGHT,0.0,0,0,1,0,0,0,0.0
798,AVOIDING_STUMBLINGBLOCK,0.0,0,0,1,0,0,0,0.0
799,CIRCUMSPECTION,0.0,0,0,1,0,0,0,0.0
800,AVOIDING_STUMBLINGBLOCK_CAUTION,0.0,0,0,1,0,0,0,0.0
801,BAD_WORK,0.0,0,0,1,0,0,0,0.0
802,FAIL_EXERCISES,0.0,0,0,1,0,0,0,0.0
803,NEGLIGENT_WORK,0.0,0,0,1,0,0,0,0.0
804,SEDUCE,0.0,0,0,1,0,0,0,0.0
805,DEFRAUD,0.0,0,0,1,0,0,0,0.0
806,OSTRACISE,0.0,0,0,1,0,0,0,0.0
807,LIE,0.0,0,0,1,0,0,0,0.0
808,SOLVE_DISPUTE,0.0,0,0,1,0,0,0,0.0
809,ACTIVISM_COMMON_GOOD,0.0,0,0,1,0,0,0,0.0
810,PRAY_PSALM,0.0,0,0,1,0,0,0,0.0
811,PRAY_ROSARY,0.0,0,0,1,0,0,0,0.0
812,PRAY_MENTAL,0.0,0,0,1,0,0,0,0.0
813,PRAY_HATED_PERSON,0.0,0,0,1,0,0,0,0.0
814,OBEY_SUPERIOR,0.0,0,0,1,0,0,0,0.0
815,ARMY_JOIN,0.0,0,0,1,0,0,0,0.0
816,MASS_STATE_OF_GRACE,0.0,0,0,1,0,0,0,0.0
817,MASS_MS,0.0,0,0,1,0,0,0,0.0
818,RECEIVE_COMMUNION_GRACE,0.0,0,0,1,0,0,0,0.0
819,RECEIVE_COMMUNION_MS,0.0,0,0,1,0,0,0,0.0
820,MAKE_FRIENDS,0.0,0,0,1,0,0,0,0.0
821,APOLOGISE,0.0,0,0,1,0,0,0,0.0
822,ALMS,0.0,0,0,1,0,0,0,0.0
823,READ_LAW_EPIEIKEIA,0.0,0,0,1,0,0,0,0.0
824,MURDER,0.0,0,0,1,0,0,0,0.0
825,MUTILATE,0.0,0,0,1,0,0,0,0.0
826,STEAL_SMALL,0.0,0,0,1,0,0,0,0.0
827,STEAL_BIG,0.0,0,0,1,0,0,0,0.0
828,ROBBERY,0.0,0,0,1,0,0,0,0.0
829,SMUG_SUPERIORITY,0.0,0,0,1,0,0,0,0.0
830,EXHALT_IN_OWN_STRENGTH,0.0,0,0,1,0,0,0,0.0
831,ATTRIBUTE_UNPOSSESSED_GOOD,0.0,0,0,1,0,0,0,0.0
832,CALUMNY,0.0,0,0,1,0,0,0,0.0
833,DETRACTION,0.0,0,0,1,0,0,0,0.0
834,RASH_JUDGEMENT,0.0,0,0,1,0,0,0,0.0
835,GOSSIP,0.0,0,0,1,0,0,0,0.0
836,LOANSHARK,0.0,0,0,1,0,0,0,0.0
837,MOCKERY,0.0,0,0,1,0,0,0,0.0
838,RASH_OATH,0.0,0,0,1,0,0,0,0.0
839,IDOLATRY,0.0,0,0,1,0,0,0,0.0
840,CAST_SPELL,0.0,0,0,1,0,0,0,0.0
841,TEMPT_GOD,0.0,0,0,1,0,0,0,0.0
842,SACRILEGE_EUCHARIST,0.0,0,0,1,0,0,0,0.0
843,SACRILEGE_STATUE,0.0,0,0,1,0,0,0,0.0
844,SIMONY,0.0,0,0,1,0,0,0,0.0
845,VENGEANCE,0.0,0,0,1,0,0,0,0.0
846,BOAST,0.0,0,0,1,0,0,0,0.0
847,IGNORE_GOOD_ACTION,0.0,0,0,1,0,0,0,0.0
848,FLATTER,0.0,0,0,1,0,0,0,0.0
849,CHASE_MONEY,0.0,0,0,1,0,0,0,0.0
850,INSULTING_SARCASM,0.0,0,0,1,0,0,0,0.0
851,SUING_EXCESSIVELY,0.0,0,0,1,0,0,0,0.0
852,PLANNING_GREAT_THINGS,0.0,0,0,1,0,0,0,0.0
853,ILLNESS,0.0,0,0,1,0,0,0,0.0
854,VISION,0.0,0,0,1,0,0,0,0.0
855,INNERLOCUTION,0.0,0,0,1,0,0,0,0.0
856,FAST,0.0,0,0,1,0,0,0,0.0
857,VIGIL,0.0,0,0,1,0,0,0,0.0
858,AMBITION,0.0,0,0,1,0,0,0,0.0
859,SCHADENFREUDE,0.0,0,0,1,0,0,0,0.0
860,REJOICE_IN_EVIL,0.0,0,0,1,0,0,0,0.0
861,COMPLASCENT,0.0,0,0,1,0,0,0,0.0
862,REALISE_LOWLINESS,0.0,0,0,1,0,0,0,0.0
863,MASTURBATE,0.0,0,0,1,0,0,0,0.0
864,FORNICATE,0.0,0,0,1,0,0,0,0.0
865,STUDY,0.0,0,0,1,0,0,0,0.0
866,FORGIVE,0.0,0,0,1,0,0,0,0.0
867,BETTER_DECORUM,0.0,0,0,1,0,0,0,0.0
868,SELL_POSSESSIONS,0.0,0,0,1,0,0,0,0.0
869,BULLY,0.0,0,0,1,0,0,0,0.0
870,BEAT_UP,0.0,0,0,1,0,0,0,0.0
871,CRUDE_JOKE,0.0,0,0,1,0,0,0,0.0
872,REPENTENCE,0.0,0,0,1,0,0,0,0.0
873,HERESY,0.0,0,0,1,0,0,0,0.0
874,APOSTASY,0.0,0,0,1,0,0,0,0.0
875,BLASPHEMY,0.0,0,0,1,0,0,0,0.0
876,HATREDOFGOD,0.0,0,0,1,0,0,0,0.0
877,ARGUE,0.0,0,0,1,0,0,0,0.0
878,SCHISM,0.0,0,0,1,0,0,0,0.0
879,SCANDALISE,0.0,0,0,1,0,0,0,0.0
880,TEMPLATE,0.0,0,0,1,0,0,0,0.0
881,READ_SCRIPTURE,0.0,0,0,1,0,0,0,0.0
882,UNDERSTAND_MORAL_LAW,0.0,0,0,1,0,0,0,0.0
883,BEATEN_UP,0.0,0,0,1,0,0,0,0.0
884,ESCAPING_A_PIT,0.0,0,0,1,0,0,0,0.0
885,DEFUSING_A_FIGHT,0.0,0,0,1,0,0,0,0.0
886,AVOIDING_STUMBLINGBLOCK,0.0,0,0,1,0,0,0,0.0
887,CIRCUMSPECTION,0.0,0,0,1,0,0,0,0.0
888,AVOIDING_STUMBLINGBLOCK_CAUTION,0.0,0,0,1,0,0,0,0.0
889,BAD_WORK,0.0,0,0,1,0,0,0,0.0
890,FAIL_EXERCISES,0.0,0,0,1,0,0,0,0.0
891,NEGLIGENT_WORK,0.0,0,0,1,0,0,0,0.0
892,SEDUCE,0.0,0,0,1,0,0,0,0.0
893,DEFRAUD,0.0,0,0,1,0,0,0,0.0
894,OSTRACISE,0.0,0,0,1,0,0,0,0.0
895,LIE,0.0,0,0,1,0,0,0,0.0
896,SOLVE_DISPUTE,0.0,0,0,1,0,0,0,0.0
897,ACTIVISM_COMMON_GOOD,0.0,0,0,1,0,0,0,0.0
898,PRAY_PSALM,0.0,0,0,1,0,0,0,0.0
899,PRAY_ROSARY,0.0,0,0,1,0,0,0,0.0
900,PRAY_MENTAL,0.0,0,0,1,0,0,0,0.0
901,PRAY_HATED_PERSON,0.0,0,0,1,0,0,0,0.0
902,OBEY_SUPERIOR,0.0,0,0,1,0,0,0,0.0
903,ARMY_JOIN,0.0,0,0,1,0,0,0,0.0
904,MASS_STATE_OF_GRACE,0.0,0,0,1,0,0,0,0.0
905,MASS_MS,0.0,0,0,1,0,0,0,0.0
906,RECEIVE_COMMUNION_GRACE,0.0,0,0,1,0,0,0,0.0
907,RECEIVE_COMMUNION_MS,0.0,0,0,1,0,0,0,0.0
908,MAKE_FRIENDS,0.0,0,0,1,0,0,0,0.0
909,APOLOGISE,0.0,0,0,1,0,0,0,0.0
910,ALMS,0.0,0,0,1,0,0,0,0.0
911,READ_LAW_EPIEIKEIA,0.0,0,0,1,0,0,0,0.0
912,MURDER,0.0,0,0,1,0,0,0,0.0
913,MUTILATE,0.0,0,0,1,0,0,0,0.0
914,STEAL_SMALL,0.0,0,0,1,0,0,0,0.0
915,STEAL_BIG,0.0,0,0,1,0,0,0,0.0
916,ROBBERY,0.0,0,0,1,0,0,0,0.0
917,SMUG_SUPERIORITY,0.0,0,0,1,0,0,0,0.0
918,EXHALT_IN_OWN_STRENGTH,0.0,0,0,1,0,0,0,0.0
919,ATTRIBUTE_UNPOSSESSED_GOOD,0.0,0,0,1,0,0,0,0.0
920,CALUMNY,0.0,0,0,1,0,0,0,0.0
921,DETRACTION,0.0,0,0,1,0,0,0,0.0
922,RASH_JUDGEMENT,0.0,0,0,1,0,0,0,0.0
923,GOSSIP,0.0,0,0,1,0,0,0,0.0
924,LOANSHARK,0.0,0,0,1,0,0,0,0.0
925,MOCKERY,0.0,0,0,1,0,0,0,0.0
926,RASH_OATH,0.0,0,0,1,0,0,0,0.0
927,IDOLATRY,0.0,0,0,1,0,0,0,0.0
928,CAST_SPELL,0.0,0,0,1,0,0,0,0.0
929,TEMPT_GOD,0.0,0,0,1,0,0,0,0.0
930,SACRILEGE_EUCHARIST,0.0,0,0,1,0,0,0,0.0
931,SACRILEGE_STATUE,0.0,0,0,1,0,0,0,0.0
932,SIMONY,0.0,0,0,1,0,0,0,0.0
933,VENGEANCE,0.0,0,0,1,0,0,0,0.0
934,BOAST,0.0,0,0,1,0,0,0,0.0
935,IGNORE_GOOD_ACTION,0.0,0,0,1,0,0,0,0.0
936,FLATTER,0.0,0,0,1,0,0,0,0.0
937,CHASE_MONEY,0.0,0,0,1,0,0,0,0.0
938,INSULTING_SARCASM,0.0,0,0,1,0,0,0,0.0
939,SUING_EXCESSIVELY,0.0,0,0,1,0,0,0,0.0
940,PLANNING_GREAT_THINGS,0.0,0,0,1,0,0,0,0.0
941,ILLNESS,0.0,0,0,1,0,0,0,0.0
942,VISION,0.0,0,0,1,0,0,0,0.0
943,INNERLOCUTION,0.0,0,0,1,0,0,0,0.0
944,FAST,0.0,0,0,1,0,0,0,0.0
945,VIGIL,0.0,0,0,1,0,0,0,0.0
946,AMBITION,0.0,0,0,1,0,0,0,0.0
947,SCHADENFREUDE,0.0,0,0,1,0,0,0,0.0
948,REJOICE_IN_EVIL,0.0,0,0,1,0,0,0,0.0
949,COMPLASCENT,0.0,0,0,1,0,0,0,0.0
950,REALISE_LOWLINESS,0.0,0,0,1,0,0,0,0.0
951,MASTURBATE,0.0,0,0,1,0,0,0,0.0
952,FORNICATE,0.0,0,0,1,0,0,0,0.0
953,STUDY,0.0,0,0,1,0,0,0,0.0
954,FORGIVE,0.0,0,0,1,0,0,0,0.0
955,BETTER_DECORUM,0.0,0,0,1,0,0,0,0.0
956,SELL_POSSESSIONS,0.0,0,0,1,0,0,0,0.0
957,BULLY,0.0,0,0,1,0,0,0,0.0
958,BEAT_UP,0.0,0,0,1,0,0,0,0.0
959,CRUDE_JOKE,0.0,0,0,1,0,0,0,0.0
960,REPENTENCE,0.0,0,0,1,0,0,0,0.0
961,HERESY,0.0,0,0,1,0,0,0,0.0
962,APOSTASY,0.0,0,0,1,0,0,0,0.0
963,BLASPHEMY,0.0,0,0,1,0,0,0,0.0
964,HATREDOFGOD,0.0,0,0,1,0,0,0,0.0
965,ARGUE,0.0,0,0,1,0,0,0,0.0
966,SCHISM,0.0,0,0,1,0,0,0,0.0
967,SCANDALISE,0.0,0,0,1,0,0,0,0.0
968,TEMPLATE,0.0,0,0,1,0,0,0,0.0
969,READ_SCRIPTURE,0.0,0,0,1,0,0,0,0.0
970,UNDERSTAND_MORAL_LAW,0.0,0,0,1,0,0,0,0.0
971,BEATEN_UP,0.0,0,0,1,0,0,0,0.0
972,ESCAPING_A_PIT,0.0,0,0,1,0,0,0,0.0
973,DEFUSING_A_FIGHT,0.0,0,0,1,0,0,0,0.0
974,AVOIDING_STUMBLINGBLOCK,0.0,0,0,1,0,0,0,0.0
975,CIRCUMSPECTION,0.0,0,0,1,0,0,0,0.0
976,AVOIDING_STUMBLINGBLOCK_CAUTION,0.0,0,0,1,0,0,0,0.0
977,BAD_WORK,0.0,0,0,1,0,0,0,0.0
978,FAIL_EXERCISES,0.0,0,0,1,0,0,0,0.0
979,NEGLIGENT_WORK,0.0,0,0,1,0,0,0,0.0
980,SEDUCE,0.0,0,0,1,0,0,0,0.0
981,DEFRAUD,0.0,0,0,1,0,0,0,0.0
982,OSTRACISE,0.0,0,0,1,0,0,0,0.0
983,LIE,0.0,0,0,1,0,0,0,0.0
984,SOLVE_DISPUTE,0.0,0,0,1,0,0,0,0.0
985,ACTIVISM_COMMON_GOOD,0.0,0,0,1,0,0,0,0.0
986,PRAY_PSALM,0.0,0,0,1,0,0,0,0.0
987,PRAY_ROSARY,0.0,0,0,1,0,0,0,0.0
988,PRAY_MENTAL,0.0,0,0,1,0,0,0,0.0
989,PRAY_HATED_PERSON,0.0,0,0,1,0,0,0,0.0
990,OBEY_SUPERIOR,0.0,0,0,1,0,0,0,0.0
991,ARMY_JOIN,0.0,0,0,1,0,0,0,0.0
992,MASS_STATE_OF_GRACE,0.0,0,0,1,0,0,0,0.0
993,MASS_MS,0.0,0,0,1,0,0,0,0.0
994,RECEIVE_COMMUNION_GRACE,0.0,0,0,1,0,0,0,0.0
995,RECEIVE_COMMUNION_MS,0.0,0,0,1,0,0,0,0.0
996,MAKE_FRIENDS,0.0,0,0,1,0,0,0,0.0
997,APOLOGISE,0.0,0,0,1,0,0,0,0.0
998,ALMS,0.0,0,0,1,0,0,0,0.0
999,READ_LAW_EPIEIKEIA,0.0,0,0,1,0,0,0,0.0
1000,MURDER,0.0,0,0,1,0,0,0,0.0
1001,MUTILATE,0.0,0,0,1,0,0,0,0.0
1002,STEAL_SMALL,0.0,0,0,1,0,0,0,0.0
1003,STEAL_BIG,0.0,0,0,1,0,0,0,0.0
1004,ROBBERY,0.0,0,0,1,0,0,0,0.0
1005,SMUG_SUPERIORITY,0.0,0,0,1,0,0,0,0.0
1006,EXHALT_IN_OWN_STRENGTH,0.0,0,0,1,0,0,0,0.0
1007,ATTRIBUTE_UNPOSSESSED_GOOD,0.0,0,0,1,0,0,0,0.0
1008,CALUMNY,0.0,0,0,1,0,0,0,0.0
1009,DETRACTION,0.0,0,0,1,0,0,0,0.0
1010,RASH_JUDGEMENT,0.0,0,0,1,0,0,0,0.0
1011,GOSSIP,0.0,0,0,1,0,0,0,0.0
1012,LOANSHARK,0.0,0,0,1,0,0,0,0.0
1013,MOCKERY,0.0,0,0,1,0,0,0,0.0
1014,RASH_OATH,0.0,0,0,1,0,0,0,0.0
1015,IDOLATRY,0.0,0,0,1,0,0,0,0.0
1016,CAST_SPELL,0.0,0,0,1,0,0,0,0.0
1017,TEMPT_GOD,0.0,0,0,1,0,0,0,0.0
1018,SACRILEGE_EUCHARIST,0.0,0,0,1,0,0,0,0.0
1019,SACRILEGE_STATUE,0.0,0,0,1,0,0,0,0.0
1020,SIMONY,0.0,0,0,1,0,0,0,0.0
1021,VENGEANCE,0.0,0,0,1,0,0,0,0.0
1022,BOAST,0.0,0,0,1,0,0,0,0.0
1023,IGNORE_GOOD_ACTION,0.0,0,0,1,0,0,0,0.0
1024,FLATTER,0.0,0,0,1,0,0,0,0.0
1025,CHASE_MONEY,0.0,0,0,1,0,0,0,0.0
1026,INSULTING_SARCASM,0.0,0,0,1,0,0,0,0.0
1027,SUING_EXCESSIVELY,0.0,0,0,1,0,0,0,0.0
1028,PLANNING_GREAT_THINGS,0.0,0,0,1,0,0,0,0.0
1029,ILLNESS,0.0,0,0,1,0,0,0,0.0
1030,VISION,0.0,0,0,1,0,0,0,0.0
1031,INNERLOCUTION,0.0,0,0,1,0,0,0,0.0
1032,FAST,0.0,0,0,1,0,0,0,0.0
1033,VIGIL,0.0,0,0,1,0,0,0,0.0
1034,AMBITION,0.0,0,0,1,0,0,0,0.0
1035,SCHADENFREUDE,0.0,0,0,1,0,0,0,0.0
1036,REJOICE_IN_EVIL,0.0,0,0,1,0,0,0,0.0
1037,COMPLASCENT,0.0,0,0,1,0,0,0,0.0
1038,REALISE_LOWLINESS,0.0,0,0,1,0,0,0,0.0
1039,MASTURBATE,0.0,0,0,1,0,0,0,0.0
1040,FORNICATE,0.0,0,0,1,0,0,0,0.0
1041,STUDY,0.0,0,0,1,0,0,0,0.0
1042,FORGIVE,0.0,0,0,1,0,0,0,0.0
1043,BETTER_DECORUM,0.0,0,0,1,0,0,0,0.0
1044,SELL_POSSESSIONS,0.0,0,0,1,0,0,0,0.0
1045,BULLY,0.0,0,0,1,0,0,0,0.0
1046,BEAT_UP,0.0,0,0,1,0,0,0,0.0
1047,CRUDE_JOKE,0.0,0,0,1,0,0,0,0.0
1048,REPENTENCE,0.0,0,0,1,0,0,0,0.0
1049,HERESY,0.0,0,0,1,0,0,0,0.0
1050,APOSTASY,0.0,0,0,1,0,0,0,0.0
1051,BLASPHEMY,0.0,0,0,1,0,0,0,0.0
1052,HATREDOFGOD,0.0,0,0,1,0,0,0,0.0
1053,ARGUE,0.0,0,0,1,0,0,0,0.0
1054,SCHISM,0.0,0,0,1,0,0,0,0.0
1055,SCANDALISE,0.0,0,0,1,0,0,0,0.0
